timestamp,project_name,run_id,experiment_id,duration,emissions,emissions_rate,cpu_power,gpu_power,ram_power,cpu_energy,gpu_energy,ram_energy,energy_consumed,water_consumed,country_name,country_iso_code,region,cloud_provider,cloud_region,os,python_version,codecarbon_version,cpu_count,cpu_model,gpu_count,gpu_model,longitude,latitude,ram_total_size,tracking_mode,cpu_utilization_percent,gpu_utilization_percent,ram_utilization_percent,ram_used_gb,on_cloud,pue,wue
2026-08-04T16:32:27,codecarbon,05a8718f-1a71-4a90-990b-2261e56b732d,5b0fa12a-3dd7-45bb-9766-cc326314d9f1,169.94706110000152,0.0017296352187940697,1.017749414199228e-05,10.303461187857987,16.38474910960046,20.0,0.0004864454038897826,0.000769713949103995,0.0009406689722222635,0.002196828325216041,0.0,Bangladesh,BGD,dhaka division,,,Windows-11-10.0.26200-SP0,3.13.14,3.2.9,20,13th Gen Intel(R) Core(TM) i5-13600KF,1,1 x NVIDIA GeForce RTX 3060,90.4189,23.7254,31.84771728515625,machine,1.1976047904191616,22.682634730538922,52.199401197604786,16.62440074989182,N,1.0,0.0
2026-08-04T16:32:45,codecarbon,83f22960-81ca-47c5-8707-ed074c7ed29e,5b0fa12a-3dd7-45bb-9766-cc326314d9f1,14.692751900000076,0.0017276238238041817,0.0001175834068091882,8.608273540307692,127.65593178112088,20.0,2.743098641063826e-05,0.00044480868917998184,6.466117277777811e-05,0.0005369008483683982,0.0,Bangladesh,BGD,dhaka division,,,Windows-11-10.0.26200-SP0,3.13.14,3.2.9,20,13th Gen Intel(R) Core(TM) i5-13600KF,1,1 x NVIDIA GeForce RTX 3060,90.4074,23.7104,31.84771728515625,machine,1.8181818181818181,99.0909090909091,45.845454545454544,14.602798461914062,N,1.0,0.0
2026-08-04T16:35:37,codecarbon,e108d2dc-6996-429c-b26d-77e02faa0eab,5b0fa12a-3dd7-45bb-9766-cc326314d9f1,170.24585900000056,0.001782006009920448,1.0467250248480006e-05,10.668355495435291,16.403457677576043,20.0,0.0005043293507776802,0.0007780045112920075,0.00094239520000003,0.002224729062069718,0.0,Bangladesh,BGD,dhaka division,,,Windows-11-10.0.26200-SP0,3.13.14,3.2.9,20,13th Gen Intel(R) Core(TM) i5-13600KF,1,1 x NVIDIA GeForce RTX 3060,90.4189,23.7254,31.84771728515625,machine,1.7083333333333333,21.672619047619047,53.686904761904756,17.09804509934925,N,1.0,0.0
2026-08-04T16:35:52,codecarbon,1fa6c770-44fc-4be2-ad3f-fd09432cd8f5,5b0fa12a-3dd7-45bb-9766-cc326314d9f1,11.459349799999472,0.0003684331406837199,3.2151312868007304e-05,9.915065273000002,126.14860965087227,20.0,3.199470518160248e-05,0.0004373681276720054,6.350855722222251e-05,0.0005328713900758303,0.0,Bangladesh,BGD,dhaka division,,,Windows-11-10.0.26200-SP0,3.13.14,3.2.9,20,13th Gen Intel(R) Core(TM) i5-13600KF,1,1 x NVIDIA GeForce RTX 3060,90.4189,23.7254,31.84771728515625,machine,4.29,99.3,52.36,16.67870178222656,N,1.0,0.0
2026-08-04T16:38:52,codecarbon,8cabb3e6-b8aa-4f9c-994b-ac1a84650c81,5b0fa12a-3dd7-45bb-9766-cc326314d9f1,178.14056280000113,0.0018860816001448366,1.0587603241505109e-05,10.8740373040678,17.097916624770004,20.0,0.0005385141750106033,0.0008478679005159695,0.0009860519749999989,0.002372434050526573,0.0,Bangladesh,BGD,dhaka division,,,Windows-11-10.0.26200-SP0,3.13.14,3.2.9,20,13th Gen Intel(R) Core(TM) i5-13600KF,1,1 x NVIDIA GeForce RTX 3060,90.4189,23.7254,31.84771728515625,machine,3.3714285714285714,32.42285714285714,57.179428571428566,18.21067389351981,N,1.0,0.0
2026-08-04T16:39:06,codecarbon,fc8a8f20-970f-446e-be42-56628ff8f240,5b0fa12a-3dd7-45bb-9766-cc326314d9f1,11.703986799999257,0.0006203918788844629,5.300688470397987e-05,10.451571723384616,125.63473176175515,20.0,3.338449812237605e-05,0.0004446353557079896,6.485552055555672e-05,0.0005428753743859224,0.0,Bangladesh,BGD,dhaka division,,,Windows-11-10.0.26200-SP0,3.13.14,3.2.9,20,13th Gen Intel(R) Core(TM) i5-13600KF,1,1 x NVIDIA GeForce RTX 3060,90.4189,23.7254,31.84771728515625,machine,0.0,100.0,53.18181818181818,16.934049779718574,N,1.0,0.0
2026-08-04T16:42:12,codecarbon,8c345934-5196-4949-949b-144ef5881edf,5b0fa12a-3dd7-45bb-9766-cc326314d9f1,182.89742990000013,0.0019973531235311526,1.0920618866121918e-05,11.577707144197797,17.491525878101996,20.0,0.0005885389829109375,0.0008906662680880084,0.0010125728877778482,0.002491778138776793,0.0,Bangladesh,BGD,dhaka division,,,Windows-11-10.0.26200-SP0,3.13.14,3.2.9,20,13th Gen Intel(R) Core(TM) i5-13600KF,1,1 x NVIDIA GeForce RTX 3060,90.4189,23.7254,31.84771728515625,machine,4.030555555555556,31.244444444444444,57.535555555555554,18.32433762020535,N,1.0,0.0
2026-08-04T16:42:26,codecarbon,0876781f-d5fb-45a4-9793-f47c7c0d5291,5b0fa12a-3dd7-45bb-9766-cc326314d9f1,11.771450899999763,0.0006372109956492241,5.4131899377776525e-05,12.025200177846155,126.83893897304324,20.0,4.112135025919292e-05,0.0004461614680399961,6.51964000000185e-05,0.0005524792182992075,0.0,Bangladesh,BGD,dhaka division,,,Windows-11-10.0.26200-SP0,3.13.14,3.2.9,20,13th Gen Intel(R) Core(TM) i5-13600KF,1,1 x NVIDIA GeForce RTX 3060,90.4189,23.7254,31.84771728515625,machine,5.590909090909091,98.81818181818181,51.98181818181818,16.55525727705522,N,1.0,0.0
2026-08-04T16:45:35,codecarbon,3e05cc2b-4797-432d-861b-8197bcd87865,5b0fa12a-3dd7-45bb-9766-cc326314d9f1,186.51536039999883,0.0020780915133357127,1.1141664197946272e-05,12.169131712903226,18.448608629856526,20.0,0.0006307275378200632,0.0009600471569259639,0.001033002520555591,0.002623777215301618,0.0,Bangladesh,BGD,dhaka division,,,Windows-11-10.0.26200-SP0,3.13.14,3.2.9,20,13th Gen Intel(R) Core(TM) i5-13600KF,1,1 x NVIDIA GeForce RTX 3060,90.4189,23.7254,31.84771728515625,machine,1.0869565217391304,25.320652173913043,56.919021739130436,18.1270956163821,N,1.0,0.0
2026-08-04T16:45:49,codecarbon,6de8d45a-29c8-4977-a1f2-710a749f35e2,5b0fa12a-3dd7-45bb-9766-cc326314d9f1,11.612139700000625,0.0006342963523902123,5.462355507057654e-05,11.556170880615385,125.95222367417684,20.0,3.829645559680293e-05,0.00044250452067001733,6.432976500000222e-05,0.0005451307412668227,0.0,Bangladesh,BGD,dhaka division,,,Windows-11-10.0.26200-SP0,3.13.14,3.2.9,20,13th Gen Intel(R) Core(TM) i5-13600KF,1,1 x NVIDIA GeForce RTX 3060,90.4189,23.7254,31.84771728515625,machine,9.090909090909092,99.36363636363636,51.45454545454545,16.384416060014203,N,1.0,0.0
2026-08-04T16:47:45,codecarbon,cf14ea83-94b4-4022-914d-d23b4fa86402,5b0fa12a-3dd7-45bb-9766-cc326314d9f1,112.91915479999989,0.0013499306854895857,1.1954842275259281e-05,14.573174308070797,15.969677543180465,20.0,0.00045836181276273386,0.0005030376246520085,0.0006243025244444348,0.0015857019618591777,0.0,Bangladesh,BGD,dhaka division,,,Windows-11-10.0.26200-SP0,3.13.14,3.2.9,20,13th Gen Intel(R) Core(TM) i5-13600KF,1,1 x NVIDIA GeForce RTX 3060,90.4189,23.7254,31.84771728515625,machine,7.33963963963964,21.063063063063062,56.5018018018018,17.99413794440192,N,1.0,0.0
2026-08-04T16:47:58,codecarbon,494bf488-1f95-47bb-80ea-a8496a3aaf5f,5b0fa12a-3dd7-45bb-9766-cc326314d9f1,11.345228199999838,0.00038624146734231145,3.404439827330375e-05,16.297736225,200.48761468340172,20.0,5.3300037745754494e-05,0.00044250590956002034,6.282194166664744e-05,0.0005586278889724223,0.0,Bangladesh,BGD,dhaka division,,,Windows-11-10.0.26200-SP0,3.13.14,3.2.9,20,13th Gen Intel(R) Core(TM) i5-13600KF,1,1 x NVIDIA GeForce RTX 3060,90.4189,23.7254,31.84771728515625,machine,0.0,99.2,52.25,16.639179611206053,N,1.0,0.0
2026-08-04T16:50:29,codecarbon,bf473939-aa4b-412e-a0d2-86e9d47ffa36,5b0fa12a-3dd7-45bb-9766-cc326314d9f1,149.3218097000008,0.0017560757814109819,1.176034354886989e-05,16.974616024536925,15.340873412766728,20.0,0.0007060075395531905,0.0006379021769880033,0.0008259939455555471,0.0021699036620967415,0.0,Bangladesh,BGD,dhaka division,,,Windows-11-10.0.26200-SP0,3.13.14,3.2.9,20,13th Gen Intel(R) Core(TM) i5-13600KF,1,1 x NVIDIA GeForce RTX 3060,90.4189,23.7254,31.84771728515625,machine,5.793197278911565,14.034013605442176,56.24081632653061,17.912072032487313,N,1.0,0.0
2026-08-04T16:50:44,codecarbon,a7082367-8dae-4bc3-b213-8ded7c3dc280,5b0fa12a-3dd7-45bb-9766-cc326314d9f1,11.43940239999938,0.00037694896236796326,3.2951805451653985e-05,13.707158336,125.99553923524617,20.0,4.492688072150467e-05,0.0004368759050560056,6.338518833334901e-05,0.0005451879741108592,0.0,Bangladesh,BGD,dhaka division,,,Windows-11-10.0.26200-SP0,3.13.14,3.2.9,20,13th Gen Intel(R) Core(TM) i5-13600KF,1,1 x NVIDIA GeForce RTX 3060,90.4189,23.7254,31.84771728515625,machine,6.67,100.0,52.879999999999995,16.847161483764648,N,1.0,0.0
2026-08-04T16:53:52,codecarbon,32e161a7-756f-4e00-b7bd-7e6ed6e6ba43,5b0fa12a-3dd7-45bb-9766-cc326314d9f1,185.90903190000063,0.0021948168166275503,1.1805864374615911e-05,14.251548664432441,19.59424548682766,20.0,0.0007373086982784073,0.0010149469230680275,0.001029769696666648,0.0027820253180130847,0.0,Bangladesh,BGD,dhaka division,,,Windows-11-10.0.26200-SP0,3.13.14,3.2.9,20,13th Gen Intel(R) Core(TM) i5-13600KF,1,1 x NVIDIA GeForce RTX 3060,90.4189,23.7254,31.84771728515625,machine,2.185792349726776,20.65573770491803,59.85027322404372,19.059011219629173,N,1.0,0.0
2026-08-04T16:54:06,codecarbon,eacc3706-4ed1-4d53-8ca6-2ff39cf3d7a7,5b0fa12a-3dd7-45bb-9766-cc326314d9f1,11.559635900001012,0.0006441093854858508,5.5720559977654173e-05,12.961037727384614,128.79880803629126,20.0,4.2626046316830574e-05,0.0004466245239659883,6.40397733333379e-05,0.0005532903436161567,0.0,Bangladesh,BGD,dhaka division,,,Windows-11-10.0.26200-SP0,3.13.14,3.2.9,20,13th Gen Intel(R) Core(TM) i5-13600KF,1,1 x NVIDIA GeForce RTX 3060,90.4189,23.7254,31.84771728515625,machine,18.181818181818183,99.54545454545455,55.445454545454545,17.66175148703835,N,1.0,0.0
2026-08-04T16:57:13,codecarbon,2c2a2fb0-948e-4d3b-b269-07a594af9d55,5b0fa12a-3dd7-45bb-9766-cc326314d9f1,184.4864448999997,0.0020653521577397257,1.1195143138344085e-05,13.723196592630439,17.33941746784907,20.0,0.0007045966761545254,0.0008884459885339924,0.001021450220555471,0.0026144928852439887,0.0,Bangladesh,BGD,dhaka division,,,Windows-11-10.0.26200-SP0,3.13.14,3.2.9,20,13th Gen Intel(R) Core(TM) i5-13600KF,1,1 x NVIDIA GeForce RTX 3060,90.4189,23.7254,31.84771728515625,machine,3.0318681318681318,32.20879120879121,59.02252747252747,18.798359797551083,N,1.0,0.0
2026-08-04T16:57:28,codecarbon,d988ca1a-ccb2-4e8b-a57a-33b9232dda01,5b0fa12a-3dd7-45bb-9766-cc326314d9f1,11.675780600000508,0.0006448663099209384,5.523110890940434e-05,12.531356736615386,128.58083431369056,20.0,4.265863211555473e-05,0.0004479911917260049,6.466174444444227e-05,0.000555311568286002,0.0,Bangladesh,BGD,dhaka division,,,Windows-11-10.0.26200-SP0,3.13.14,3.2.9,20,13th Gen Intel(R) Core(TM) i5-13600KF,1,1 x NVIDIA GeForce RTX 3060,90.4189,23.7254,31.84771728515625,machine,2.272727272727273,99.54545454545455,54.190909090909095,17.260428341952238,N,1.0,0.0
2026-08-04T17:00:31,codecarbon,d067b2d8-7e76-4022-a415-d51f009f48ee,5b0fa12a-3dd7-45bb-9766-cc326314d9f1,181.38518260000092,0.0018925789326960714,1.0434032733917824e-05,12.762009979270722,14.614290258144253,20.0,0.0006440334937529332,0.0007380461459920162,0.0010042294172222385,0.0023863090569671854,0.0,Bangladesh,BGD,dhaka division,,,Windows-11-10.0.26200-SP0,3.13.14,3.2.9,20,13th Gen Intel(R) Core(TM) i5-13600KF,1,1 x NVIDIA GeForce RTX 3060,90.4189,23.7254,31.84771728515625,machine,2.67877094972067,6.564245810055866,58.423463687150836,18.60640659012608,N,1.0,0.0
2026-08-04T17:00:46,codecarbon,44247d76-0f85-4758-bdbc-62babf0641ae,5b0fa12a-3dd7-45bb-9766-cc326314d9f1,11.402357200000552,0.0003693951218074503,3.2396382197834714e-05,12.329707537000003,125.19584131788173,20.0,4.0003034921431676e-05,0.0004312136783040099,6.304600722223768e-05,0.0005342627204476792,0.0,Bangladesh,BGD,dhaka division,,,Windows-11-10.0.26200-SP0,3.13.14,3.2.9,20,13th Gen Intel(R) Core(TM) i5-13600KF,1,1 x NVIDIA GeForce RTX 3060,90.4189,23.7254,31.84771728515625,machine,5.0,99.4,53.85,17.146047592163086,N,1.0,0.0
2026-08-06T22:04:49,codecarbon,c039096a-dd8d-49b1-becc-843755ce1d85,5b0fa12a-3dd7-45bb-9766-cc326314d9f1,157.0609545999996,0.0016447857407406957,1.047227647972477e-05,11.721353268662424,15.001749859890758,20.0,0.000511797793047597,0.0006568521921480053,0.0008700523700000907,0.0020387023551956948,0.0,Bangladesh,BGD,dhaka division,,,Windows-11-10.0.26200-SP0,3.13.14,3.2.9,20,13th Gen Intel(R) Core(TM) i5-13600KF,1,1 x NVIDIA GeForce RTX 3060,90.4189,23.7254,31.84771728515625,machine,4.018709677419355,7.612903225806452,65.41032258064516,20.831829317154423,N,1.0,0.0
2026-08-06T22:12:34,codecarbon,2ca1b9dc-0ed3-4fc9-8c40-53e53eec9a41,5b0fa12a-3dd7-45bb-9766-cc326314d9f1,186.06471509999938,0.0021969300246997693,1.1807343609018197e-05,10.827097351027025,25.070711616950028,20.0,0.0005597272253646977,0.0012863729735420049,0.0010305956905555121,0.002876695889462214,0.0,Bangladesh,BGD,dhaka division,,,Windows-11-10.0.26200-SP0,3.13.14,3.2.9,20,13th Gen Intel(R) Core(TM) i5-13600KF,1,1 x NVIDIA GeForce RTX 3060,90.4189,23.7254,31.84771728515625,machine,1.4508196721311475,28.562841530054644,77.79617486338798,24.776634424761998,N,1.0,0.0
2026-08-06T22:13:33,codecarbon,86794357-a173-470e-984b-f4a609b9d2db,5b0fa12a-3dd7-45bb-9766-cc326314d9f1,52.98078990000067,0.0012118250053598776,2.287291313789684e-05,10.821615911000006,58.17081476635148,20.0,0.00015665329322142666,0.000874646533049972,0.0002938639166666184,0.0013251637429380167,0.0,Bangladesh,BGD,dhaka division,,,Windows-11-10.0.26200-SP0,3.13.14,3.2.9,20,13th Gen Intel(R) Core(TM) i5-13600KF,1,1 x NVIDIA GeForce RTX 3060,90.4189,23.7254,31.84771728515625,machine,1.3157894736842106,85.47368421052632,84.3736842105263,26.872151224236738,N,1.0,0.0
2026-08-06T22:16:21,codecarbon,25d3b5c9-db81-45de-8b3d-44853a5b14fe,5b0fa12a-3dd7-45bb-9766-cc326314d9f1,161.82433149999997,0.005604233319007739,3.463158640644679e-05,13.886590008546586,130.91360755078827,20.0,0.0006252427089914538,0.005912160007501999,0.0008966041938889352,0.0074340069103823936,0.0,Bangladesh,BGD,dhaka division,,,Windows-11-10.0.26200-SP0,3.13.14,3.2.9,20,13th Gen Intel(R) Core(TM) i5-13600KF,1,1 x NVIDIA GeForce RTX 3060,90.4189,23.7254,31.84771728515625,machine,4.4106250000000005,94.38125,85.278125,27.158799242973327,N,1.0,0.0
2026-08-06T22:16:37,codecarbon,38def51a-d842-46fa-9793-0a4e6675b9c2,5b0fa12a-3dd7-45bb-9766-cc326314d9f1,13.966759900000397,0.0009184884615360658,6.576245801548e-05,14.039702838285717,117.81215969378925,20.0,5.9893445604908804e-05,0.0004612600912300424,7.738652444447024e-05,0.0005985400612794215,0.0,Bangladesh,BGD,dhaka division,,,Windows-11-10.0.26200-SP0,3.13.14,3.2.9,20,13th Gen Intel(R) Core(TM) i5-13600KF,1,1 x NVIDIA GeForce RTX 3060,90.4189,23.7254,31.84771728515625,machine,0.0,99.0,76.40833333333333,24.335318247477215,N,1.0,0.0
2026-08-06T22:19:46,codecarbon,0921aa34-5765-4a19-9ed8-5f0b19014b19,5b0fa12a-3dd7-45bb-9766-cc326314d9f1,186.67295120000017,0.005723611153277557,3.066117033284227e-05,15.38371513980645,101.63241137770748,20.0,0.0007989348988716733,0.005302122852805957,0.0010346311261111116,0.007135688877788737,0.0,Bangladesh,BGD,dhaka division,,,Windows-11-10.0.26200-SP0,3.13.14,3.2.9,20,13th Gen Intel(R) Core(TM) i5-13600KF,1,1 x NVIDIA GeForce RTX 3060,90.4189,23.7254,31.84771728515625,machine,2.7005434782608697,81.77173913043478,91.28423913043478,29.07181629927262,N,1.0,0.0
2026-08-06T22:20:01,codecarbon,d07ae4b1-f6fe-4190-9792-2713fee7649e,5b0fa12a-3dd7-45bb-9766-cc326314d9f1,11.404839099999663,0.00037350496332190535,3.2749691604322275e-05,13.782245474,126.10722455856006,20.0,4.5462219054749925e-05,0.00043167062311399995,6.307401500000399e-05,0.0005402068571687539,0.0,Bangladesh,BGD,dhaka division,,,Windows-11-10.0.26200-SP0,3.13.14,3.2.9,20,13th Gen Intel(R) Core(TM) i5-13600KF,1,1 x NVIDIA GeForce RTX 3060,90.4189,23.7254,31.84771728515625,machine,0.0,99.5,82.86999999999999,26.394038009643555,N,1.0,0.0
2026-08-06T22:23:04,codecarbon,5fe23e82-5a4e-4a35-bd9e-dc9fd89133f7,5b0fa12a-3dd7-45bb-9766-cc326314d9f1,180.21647800000028,0.0018387432983170803,1.0202969887787272e-05,13.29507241713334,12.64925275383156,20.0,0.0006667846094954864,0.000635474397268021,0.0009991859299999912,0.002301444936763499,0.0,Bangladesh,BGD,dhaka division,,,Windows-11-10.0.26200-SP0,3.13.14,3.2.9,20,13th Gen Intel(R) Core(TM) i5-13600KF,1,1 x NVIDIA GeForce RTX 3060,90.4189,23.7254,31.84771728515625,machine,2.5842696629213484,0.028089887640449437,88.2752808988764,28.115120577008536,N,1.0,0.0
2026-08-06T22:23:18,codecarbon,83559f0d-3b81-43a9-9a94-4c6c744d19b4,5b0fa12a-3dd7-45bb-9766-cc326314d9f1,11.145317999998952,0.0003612841041471602,3.24157735245593e-05,12.595001673,126.56179940984403,20.0,4.074130678424548e-05,0.00041997978042801476,6.181052444442482e-05,0.000522531611656685,0.0,Bangladesh,BGD,dhaka division,,,Windows-11-10.0.26200-SP0,3.13.14,3.2.9,20,13th Gen Intel(R) Core(TM) i5-13600KF,1,1 x NVIDIA GeForce RTX 3060,90.4189,23.7254,31.84771728515625,machine,0.0,98.4,84.49,26.907406997680663,N,1.0,0.0
2026-08-06T22:26:18,codecarbon,38947508-0e41-4b67-aff6-90d28088bdd5,5b0fa12a-3dd7-45bb-9766-cc326314d9f1,178.1083921999998,0.0017511217117206705,9.83177541546901e-06,12.70954452420339,11.534583484578919,20.0,0.0006298997189773142,0.0005726496247859814,0.000987532589999915,0.0021900819337632104,0.0,Bangladesh,BGD,dhaka division,,,Windows-11-10.0.26200-SP0,3.13.14,3.2.9,20,13th Gen Intel(R) Core(TM) i5-13600KF,1,1 x NVIDIA GeForce RTX 3060,90.4189,23.7254,31.84771728515625,machine,3.777714285714286,2.6228571428571428,89.01028571428571,28.348121446881976,N,1.0,0.0
2026-08-06T22:26:33,codecarbon,6234ca0e-494c-4bd0-b3b0-0d38dc7a5261,5b0fa12a-3dd7-45bb-9766-cc326314d9f1,11.645986799998354,0.000371090666724423,3.186425273335149e-05,11.685112877,124.62419171885416,20.0,3.886075941095053e-05,0.00043328840218598286,6.456585555556052e-05,0.0005367150171524939,0.0,Bangladesh,BGD,dhaka division,,,Windows-11-10.0.26200-SP0,3.13.14,3.2.9,20,13th Gen Intel(R) Core(TM) i5-13600KF,1,1 x NVIDIA GeForce RTX 3060,90.4189,23.7254,31.84771728515625,machine,0.0,99.4,82.57000000000001,26.30185661315918,N,1.0,0.0
2026-08-06T22:29:38,codecarbon,322a7796-02b4-4fa2-b544-1ae95dde9d19,5b0fa12a-3dd7-45bb-9766-cc326314d9f1,182.4658758000005,0.0020010546027866795,1.0966733335826698e-05,13.113105274373625,16.631600652204305,20.0,0.0006654420627533986,0.0008447770647100339,0.001009806995000186,0.0025200261224636172,0.0,Bangladesh,BGD,dhaka division,,,Windows-11-10.0.26200-SP0,3.13.14,3.2.9,20,13th Gen Intel(R) Core(TM) i5-13600KF,1,1 x NVIDIA GeForce RTX 3060,90.4189,23.7254,31.84771728515625,machine,2.6666666666666665,33.15555555555556,87.37222222222222,27.826477368672688,N,1.0,0.0
2026-08-06T22:29:53,codecarbon,c1ec35e1-0d93-48cd-b3d4-efaa52ce90b0,5b0fa12a-3dd7-45bb-9766-cc326314d9f1,11.868825199999264,0.0006294630179928503,5.3034989342743825e-05,12.609937507076923,125.51278479953251,20.0,4.334491428711117e-05,0.00044495257818399914,6.57421172222611e-05,0.0005540396096933712,0.0,Bangladesh,BGD,dhaka division,,,Windows-11-10.0.26200-SP0,3.13.14,3.2.9,20,13th Gen Intel(R) Core(TM) i5-13600KF,1,1 x NVIDIA GeForce RTX 3060,90.4189,23.7254,31.84771728515625,machine,4.545454545454546,99.45454545454545,83.05454545454546,26.45759443803267,N,1.0,0.0
2026-08-06T22:33:01,codecarbon,8ba6d537-9bb0-4539-8df6-8b9d0b937a60,5b0fa12a-3dd7-45bb-9766-cc326314d9f1,186.11374390000128,0.0020706941336142972,1.1125960341364575e-05,13.08352493969729,17.747666989784445,20.0,0.0006774920834015045,0.0009195154578340303,0.0010304026383333015,0.002627410179568838,0.0,Bangladesh,BGD,dhaka division,,,Windows-11-10.0.26200-SP0,3.13.14,3.2.9,20,13th Gen Intel(R) Core(TM) i5-13600KF,1,1 x NVIDIA GeForce RTX 3060,90.4189,23.7254,31.84771728515625,machine,2.3808743169398907,30.010928961748633,86.68852459016394,27.607397902858715,N,1.0,0.0
2026-08-06T22:33:16,codecarbon,01550a81-c85d-4002-808b-5814c805aa9e,5b0fa12a-3dd7-45bb-9766-cc326314d9f1,11.81193969999731,0.0006329379308617917,5.358458872440195e-05,12.229265929538464,125.29877548279819,20.0,4.180007743826031e-05,0.00044246424286004116,6.541714333335323e-05,0.0005496814636316547,0.0,Bangladesh,BGD,dhaka division,,,Windows-11-10.0.26200-SP0,3.13.14,3.2.9,20,13th Gen Intel(R) Core(TM) i5-13600KF,1,1 x NVIDIA GeForce RTX 3060,90.4189,23.7254,31.84771728515625,machine,0.0,99.45454545454545,80.94545454545454,25.7789306640625,N,1.0,0.0
2026-08-06T22:36:22,codecarbon,3c6df7db-378b-4caa-bb8c-758e7b4c6f89,5b0fa12a-3dd7-45bb-9766-cc326314d9f1,183.60704009999972,0.0020816072370119197,1.1337295323088882e-05,13.375731614163938,18.203814499651727,20.0,0.0006830884365040192,0.0009313638006459568,0.0010168316927776286,0.002631283929927602,0.0,Bangladesh,BGD,dhaka division,,,Windows-11-10.0.26200-SP0,3.13.14,3.2.9,20,13th Gen Intel(R) Core(TM) i5-13600KF,1,1 x NVIDIA GeForce RTX 3060,90.4189,23.7254,31.84771728515625,machine,4.70828729281768,24.50828729281768,85.1099447513812,27.105634763095917,N,1.0,0.0
2026-08-06T22:36:37,codecarbon,2009f684-35b6-4273-936d-127457b3f218,5b0fa12a-3dd7-45bb-9766-cc326314d9f1,11.811331799999607,0.0005917918717295949,5.010373781300553e-05,12.36555287323077,126.29231567340487,20.0,4.1981275387619416e-05,0.00044470896687803796,6.542323222222169e-05,0.000552113474487879,0.0,Bangladesh,BGD,dhaka division,,,Windows-11-10.0.26200-SP0,3.13.14,3.2.9,20,13th Gen Intel(R) Core(TM) i5-13600KF,1,1 x NVIDIA GeForce RTX 3060,90.4189,23.7254,31.84771728515625,machine,0.0,99.81818181818181,81.85454545454546,26.069445870139383,N,1.0,0.0
2026-08-06T22:39:12,codecarbon,1c7407bc-e2f6-44fb-b37c-2b30f97515e7,5b0fa12a-3dd7-45bb-9766-cc326314d9f1,152.78261009999915,0.001893423588936972,1.2392926051581983e-05,14.613931928392162,20.867249596641894,20.0,0.0006200514975816026,0.0008834882067900174,0.0008405408244445222,0.002344080528816141,0.0,Bangladesh,BGD,dhaka division,,,Windows-11-10.0.26200-SP0,3.13.14,3.2.9,20,13th Gen Intel(R) Core(TM) i5-13600KF,1,1 x NVIDIA GeForce RTX 3060,90.4189,23.7254,31.84771728515625,machine,4.3589403973509935,20.894039735099337,87.2158940397351,27.775757467509894,N,1.0,0.0
2026-08-06T22:39:26,codecarbon,4ed207ab-000d-4327-bc70-ddbf5cc066a6,5b0fa12a-3dd7-45bb-9766-cc326314d9f1,11.470215500001359,0.0003841045523841026,3.3487126060016666e-05,16.386868609999997,125.48010141229547,20.0,5.5186111549100486e-05,0.00043674368272800246,6.360743666672432e-05,0.0005555372309438274,0.0,Bangladesh,BGD,dhaka division,,,Windows-11-10.0.26200-SP0,3.13.14,3.2.9,20,13th Gen Intel(R) Core(TM) i5-13600KF,1,1 x NVIDIA GeForce RTX 3060,90.4189,23.7254,31.84771728515625,machine,0.0,99.7,80.05,25.494519424438476,N,1.0,0.0
2026-08-06T22:42:33,codecarbon,84d19a17-7abb-4e4a-ab27-f5f958e80cd6,5b0fa12a-3dd7-45bb-9766-cc326314d9f1,184.7350809999989,0.0021237880087109353,1.1496397961960176e-05,15.277207028521747,16.52370887962964,20.0,0.0007856457867047776,0.0008510115141419639,0.001022903311111158,0.002659560611957898,0.0,Bangladesh,BGD,dhaka division,,,Windows-11-10.0.26200-SP0,3.13.14,3.2.9,20,13th Gen Intel(R) Core(TM) i5-13600KF,1,1 x NVIDIA GeForce RTX 3060,90.4189,23.7254,31.84771728515625,machine,2.6983516483516485,26.97252747252747,82.29945054945055,26.210697153112392,N,1.0,0.0
2026-08-06T22:42:47,codecarbon,2fe37b7e-7b0e-47ca-a745-54344464ae57,5b0fa12a-3dd7-45bb-9766-cc326314d9f1,11.424238200001128,0.0003742529987463675,3.2759558422576534e-05,13.242192983000004,125.3973298428702,20.0,4.3408182547846476e-05,0.0004345528476419891,6.332772388895035e-05,0.000541288754078786,0.0,Bangladesh,BGD,dhaka division,,,Windows-11-10.0.26200-SP0,3.13.14,3.2.9,20,13th Gen Intel(R) Core(TM) i5-13600KF,1,1 x NVIDIA GeForce RTX 3060,90.4189,23.7254,31.84771728515625,machine,0.0,99.8,74.53,23.73144187927246,N,1.0,0.0
